{
  "crop": null,
  "width": 2560,
  "height": 1440,
  "blur_sigma": 1.2,
  "delta_threshold": 40,
  "changed_pixels": 1031194,
  "changed_ratio": 0.2797292751736111,
  "match_score": 0.7202707248263889
}