{
  "crop": null,
  "width": 1584,
  "height": 1224,
  "changed_pixels": 1265761,
  "changed_ratio": 0.6528525656895755,
  "match_score": 0.3471474343104245
}