{
  "crop": null,
  "width": 2560,
  "height": 1440,
  "blur_sigma": 1.2,
  "delta_threshold": 40,
  "changed_pixels": 1116601,
  "changed_ratio": 0.30289740668402776,
  "match_score": 0.6971025933159722
}