{
  "kind": "figma-analysis-export",
  "export_scope": "selection",
  "page": {
    "id": "0:1",
    "name": "Page 1"
  },
  "selection_ids": [
    "1:1950"
  ],
  "exported_at": "2026-03-31T00:04:57.638Z",
  "scope_bounds": {
    "x": 1791.6300048828125,
    "y": 179.27000427246094,
    "width": 236.780029296875,
    "height": 66.13999938964844
  },
  "nodes": [
    {
      "id": "1:1950",
      "name": "Group",
      "type": "GROUP",
      "visible": true,
      "locked": false,
      "bounds_absolute": {
        "x": 1791.6300048828125,
        "y": 179.27000427246094,
        "width": 236.780029296875,
        "height": 66.13999938964844
      },
      "bounds_relative_to_scope": {
        "x": 0,
        "y": 0,
        "width": 236.780029296875,
        "height": 66.13999938964844
      },
      "width": 236.27999877929688,
      "height": 65.63999938964844,
      "relative_transform": [
        [
          1,
          0,
          29.8799991607666
        ],
        [
          0,
          -1,
          524.1599731445312
        ]
      ],
      "composed_transform": [
        [
          1,
          0,
          1791.8800048828125
        ],
        [
          0,
          -1,
          245.15997314453125
        ]
      ],
      "opacity": 1,
      "fills": [],
      "strokes": [],
      "plugin_data": {},
      "shared_plugin_data": {},
      "children": [
        {
          "id": "1:1951",
          "name": "Vector",
          "type": "VECTOR",
          "visible": true,
          "locked": false,
          "bounds_absolute": {
            "x": 1791.8800048828125,
            "y": 179.52000427246094,
            "width": 236.280029296875,
            "height": 65.63999938964844
          },
          "bounds_relative_to_scope": {
            "x": 0.25,
            "y": 0.25,
            "width": 236.280029296875,
            "height": 65.63999938964844
          },
          "width": 236.27999877929688,
          "height": 65.63999938964844,
          "relative_transform": [
            [
              1,
              0,
              29.8799991607666
            ],
            [
              0,
              -1,
              524.1599998474121
            ]
          ],
          "composed_transform": [
            [
              1,
              0,
              1791.8800048828125
            ],
            [
              0,
              -1,
              245.16000366210938
            ]
          ],
          "opacity": 1,
          "fills": [
            {
              "type": "SOLID",
              "visible": true,
              "opacity": 1,
              "color": {
                "r": 1,
                "g": 1,
                "b": 1
              },
              "blendMode": "NORMAL"
            }
          ],
          "strokes": [],
          "stroke_weight": 1,
          "corner_radius": 0,
          "plugin_data": {},
          "shared_plugin_data": {},
          "children": []
        },
        {
          "id": "1:1952",
          "name": "Vector",
          "type": "VECTOR",
          "visible": true,
          "locked": false,
          "bounds_absolute": {
            "x": 1791.6300048828125,
            "y": 179.27000427246094,
            "width": 236.780029296875,
            "height": 66.13999938964844
          },
          "bounds_relative_to_scope": {
            "x": 0,
            "y": 0,
            "width": 236.780029296875,
            "height": 66.13999938964844
          },
          "width": 236.27999877929688,
          "height": 65.63999938964844,
          "relative_transform": [
            [
              1,
              0,
              29.8799991607666
            ],
            [
              0,
              -1,
              524.1599998474121
            ]
          ],
          "composed_transform": [
            [
              1,
              0,
              1791.8800048828125
            ],
            [
              0,
              -1,
              245.16000366210938
            ]
          ],
          "opacity": 1,
          "fills": [],
          "strokes": [
            {
              "type": "SOLID",
              "visible": true,
              "opacity": 1,
              "color": {
                "r": 0.49803921580314636,
                "g": 0.49803921580314636,
                "b": 0.49803921580314636
              },
              "blendMode": "NORMAL"
            }
          ],
          "stroke_weight": 0.5,
          "corner_radius": 0,
          "plugin_data": {},
          "shared_plugin_data": {},
          "children": []
        },
        {
          "id": "1:1953",
          "name": "Vector",
          "type": "VECTOR",
          "visible": true,
          "locked": false,
          "bounds_absolute": {
            "x": 1804.5999755859375,
            "y": 218.8800048828125,
            "width": 17.8800048828125,
            "height": 15.839996337890625
          },
          "bounds_relative_to_scope": {
            "x": 12.969970703125,
            "y": 39.61000061035156,
            "width": 17.8800048828125,
            "height": 15.839996337890625
          },
          "width": 17.880001068115234,
          "height": 15.839998245239258,
          "relative_transform": [
            [
              1,
              0,
              42.599998474121094
            ],
            [
              0,
              -1,
              513.7200012207031
            ]
          ],
          "composed_transform": [
            [
              1,
              0,
              1804.5999755859375
            ],
            [
              0,
              -1,
              234.72000122070312
            ]
          ],
          "opacity": 1,
          "fills": [
            {
              "type": "SOLID",
              "visible": true,
              "opacity": 1,
              "color": {
                "r": 0.37254902720451355,
                "g": 0.37254902720451355,
                "b": 0.37254902720451355
              },
              "blendMode": "NORMAL"
            }
          ],
          "strokes": [],
          "stroke_weight": 1,
          "corner_radius": 0,
          "plugin_data": {},
          "shared_plugin_data": {},
          "children": []
        },
        {
          "id": "1:1954",
          "name": "Vector",
          "type": "VECTOR",
          "visible": true,
          "locked": false,
          "bounds_absolute": {
            "x": 1831,
            "y": 210.60000610351562,
            "width": 193.320068359375,
            "height": 31.44000244140625
          },
          "bounds_relative_to_scope": {
            "x": 39.3699951171875,
            "y": 31.330001831054688,
            "width": 193.320068359375,
            "height": 31.44000244140625
          },
          "width": 193.32000732421875,
          "height": 31.44000244140625,
          "relative_transform": [
            [
              1,
              0,
              69.00000190734863
            ],
            [
              0,
              -1,
              521.0400009155273
            ]
          ],
          "composed_transform": [
            [
              1,
              0,
              1831
            ],
            [
              0,
              -1,
              242.04000854492188
            ]
          ],
          "opacity": 1,
          "fills": [
            {
              "type": "SOLID",
              "visible": true,
              "opacity": 1,
              "color": {
                "r": 0.14901961386203766,
                "g": 0.14901961386203766,
                "b": 0.14901961386203766
              },
              "blendMode": "NORMAL"
            }
          ],
          "strokes": [],
          "stroke_weight": 1,
          "corner_radius": 0,
          "plugin_data": {},
          "shared_plugin_data": {},
          "children": []
        },
        {
          "id": "1:1955",
          "name": "구매하기",