{
  "crop": null,
  "width": 1920,
  "height": 1080,
  "changed_pixels": 958067,
  "changed_ratio": 0.4620307677469136,
  "match_score": 0.5379692322530865
}